Gender,0,1
Female,58247.543174904946,61370.53474245116
Male,60743.019593114244,65579.36411214953
